Category,BM25_P,BM25_R,BM25_F1,KG_P,KG_R,KG_F1
Attribute Intersect,0.05217553688141924,1.0,0.09318152890519198,0.98,0.98,0.98
Descriptive Identifiers,0.01604357209332178,0.7,0.031085365635055078,0.9,0.9,0.9
Factual,0.13868977533114155,0.7345063538611926,0.19674599492441022,0.9285714285714285,0.9354838709677419,0.9316129032258064
Negative Constraints,0.0985294117647059,1.0,0.17043959317891305,1.0,1.0,1.0
Overall,0.07974148235561015,0.888808880888089,0.12646982055500988,0.9582743988684582,0.9603960396039604,0.9592079207920792
